{
  "fold_accuracies": [
    0.8870803662258393,
    0.8904713462190573,
    0.9040027137042063,
    0.8941655359565808,
    0.8992537313432836
  ],
  "mean": 0.8949947386897934,
  "std": 0.006050926877727802
}