{
  "fold_accuracies": [
    0.8229908443540183,
    0.8138351983723296,
    0.823270013568521,
    0.8242876526458616,
    0.8219131614654003
  ],
  "mean": 0.8212593740812262,
  "std": 0.003788322964551377
}