{
  "fold_accuracies": [
    0.8816547982366904,
    0.8853848762292302,
    0.8972184531886025,
    0.8921302578018996,
    0.8978968792401628
  ],
  "mean": 0.890857052939317,
  "std": 0.006422987274753458
}