{
  "fold_accuracies": [
    0.9074262461851476,
    0.8989487962021024,
    0.912483039348711,
    0.908751696065129,
    0.9040027137042063
  ],
  "mean": 0.9063224983010592,
  "std": 0.0045787424122426725
}