{
  "fold_accuracies": [
    0.8718209562563581,
    0.8640217022719566,
    0.8843283582089553,
    0.8765264586160109,
    0.8727951153324288
  ],
  "mean": 0.873898518137142,
  "std": 0.006614724300177478
}