{
  "fold_accuracies": [
    0.8429976263140048,
    0.8368938623262123,
    0.8548168249660787,
    0.8558344640434192,
    0.8409090909090909
  ],
  "mean": 0.8462903737117612,
  "std": 0.007640482281866724
}