{
  "fold_accuracies": [
    0.9050525601898949,
    0.8918277382163445,
    0.9016282225237449,
    0.903663500678426,
    0.8945047489823609
  ],
  "mean": 0.8993353541181544,
  "std": 0.005222558490746765
}