{
  "fold_accuracies": [
    0.8385893523228213,
    0.8351983723296033,
    0.8510854816824966,
    0.8534599728629579,
    0.8558344640434192
  ],
  "mean": 0.8468335286482598,
  "std": 0.008322848206812263
}