{
  "fold_accuracies": [
    0.8830111902339777,
    0.880637504238725,
    0.9002713704206241,
    0.8890773405698779,
    0.89280868385346
  ],
  "mean": 0.8891612178633329,
  "std": 0.007031686386521155
}