{
  "fold_accuracies": [
    0.8799593082400814,
    0.8843675822312649,
    0.8992537313432836,
    0.891112618724559,
    0.8965400271370421
  ],
  "mean": 0.8902466535352461,
  "std": 0.007237082979490672
}