{
  "fold_accuracies": [
    0.8708036622583927,
    0.8741946422516107,
    0.8822930800542741,
    0.8839891451831751,
    0.8778833107191316
  ],
  "mean": 0.8778327680933169,
  "std": 0.004907997650718035
}