{
  "fold_accuracies": [
    0.29128518141742965,
    0.30010172939979657,
    0.3175033921302578,
    0.298168249660787,
    0.3175033921302578
  ],
  "mean": 0.3049123889477058,
  "std": 0.010690120367578061
}