{
  "best_fold_accuracies": [
    0.8290946083418108,
    0.8199389623601221,
    0.8456580732700135,
    0.8368385345997287,
    0.8256445047489823
  ],
  "swa_fold_accuracies": [
    0.8284164123431672,
    0.8202780603594438,
    0.8443012211668928,
    0.8351424694708277,
    0.8242876526458616
  ],
  "best_mean": 0.8314349366641315,
  "best_std": 0.008973963997898035,
  "swa_mean": 0.8304851631972386,
  "swa_std": 0.00847877084274396
}