{
  "fold_accuracies": [
    0.8185825703628349,
    0.8073923363852153,
    0.8283582089552238,
    0.8236092265943012,
    0.8202170963364993
  ],
  "mean": 0.819631887726815,
  "std": 0.006974497254125892
}