{
  "fold_accuracies": [
    0.9087826381824348,
    0.8948796202102408,
    0.9104477611940298,
    0.9084124830393487,
    0.8883989145183175
  ],
  "mean": 0.9021842834288745,
  "std": 0.008877030149264666
}