{
  "fold_accuracies": [
    0.8433367243133265,
    0.833841980332316,
    0.8510854816824966,
    0.8544776119402985,
    0.8385345997286295
  ],
  "mean": 0.8442552795994136,
  "std": 0.007657081201175547
}