{
  "fold_accuracies": [
    0.8880976602238047,
    0.8904713462190573,
    0.9060379918588873,
    0.8917910447761194,
    0.8995929443690638
  ],
  "mean": 0.8951981974893866,
  "std": 0.0066510808762598565
}