{
  "fold_accuracies": [
    0.9030179721939641,
    0.8904713462190573,
    0.9090909090909091,
    0.9046811397557666,
    0.8894165535956581
  ],
  "mean": 0.8993355841710711,
  "std": 0.007927965595002617
}