{
  "fold_accuracies": [
    0.9043743641912513,
    0.8908104442183791,
    0.9033242876526458,
    0.9056987788331072,
    0.8921302578018996
  ],
  "mean": 0.8992676265394566,
  "std": 0.0064243436079252396
}