{
  "fold_accuracies": [
    0.8484231943031536,
    0.8368938623262123,
    0.8616010854816825,
    0.8554952510176391,
    0.8561736770691994
  ],
  "mean": 0.8517174140395773,
  "std": 0.00851359927020438
}