{
  "fold_accuracies": [
    0.8619871142760258,
    0.8467277043065445,
    0.8741519674355496,
    0.8694029850746269,
    0.8578697421981004
  ],
  "mean": 0.8620279026581695,
  "std": 0.009516016173572991
}