{
  "fold_accuracies": [
    0.7989148864021702,
    0.8006103763987793,
    0.8066485753052918,
    0.7937584803256446,
    0.7890094979647219
  ],
  "mean": 0.7977883632793216,
  "std": 0.006017384853407161
}