{
  "fold_accuracies": [
    0.5428958969142083,
    0.529331976941336,
    0.5451153324287653,
    0.533921302578019,
    0.5417232021709634
  ],
  "mean": 0.5385975422066583,
  "std": 0.0059740289509538445
}