{
  "fold_accuracies": [
    0.9074262461851476,
    0.8989487962021024,
    0.9063772048846676,
    0.9043419267299865,
    0.8934871099050203
  ],
  "mean": 0.902116256781385,
  "std": 0.005211530586348477
}