{
  "best_fold_accuracies": [
    0.830451000339098,
    0.8375720583248559,
    0.8537991858887382,
    0.844640434192673,
    0.8422659430122117
  ],
  "swa_fold_accuracies": [
    0.8253645303492709,
    0.8355374703289251,
    0.851763907734057,
    0.8419267299864315,
    0.8409090909090909
  ],
  "best_mean": 0.8417457243515154,
  "best_std": 0.007732091388072295,
  "swa_mean": 0.839100345861555,
  "swa_std": 0.008637042491681297
}