{
  "fold_accuracies": [
    0.9023397761953205,
    0.8911495422177009,
    0.9033242876526458,
    0.905359565807327,
    0.8931478968792401
  ],
  "mean": 0.899064213750447,
  "std": 0.005764613209822713
}