{
  "fold_accuracies": [
    0.9074262461851476,
    0.8986096982027806,
    0.9060379918588873,
    0.9046811397557666,
    0.8938263229308006
  ],
  "mean": 0.9021162797866765,
  "std": 0.005121983492126059
}