{
  "fold_accuracies": [
    0.887419464225161,
    0.8914886402170227,
    0.9050203527815468,
    0.89280868385346,
    0.899932157394844
  ],
  "mean": 0.8953338596944069,
  "std": 0.006305114932650004
}