{
  "fold_accuracies": [
    0.9030179721939641,
    0.8918277382163445,
    0.9026458616010855,
    0.9060379918588873,
    0.8938263229308006
  ],
  "mean": 0.8994711773602164,
  "std": 0.005586912738843252
}