{
  "fold_accuracies": [
    0.8857239742285521,
    0.877246524245507,
    0.8951831750339213,
    0.8938263229308006,
    0.8897557666214383
  ],
  "mean": 0.8883471526120438,
  "std": 0.0064628433111967
}