{
  "fold_accuracies": [
    0.8433367243133265,
    0.8324855883350288,
    0.8599050203527816,
    0.8537991858887382,
    0.8476933514246947
  ],
  "mean": 0.847443974062914,
  "std": 0.009341856187584692
}