{
  "fold_accuracies": [
    0.7829772804340455,
    0.7765344184469312,
    0.7924016282225237,
    0.7805291723202171,
    0.7876526458616011
  ],
  "mean": 0.7840190290570638,
  "std": 0.0055272936609803815
}