{
  "fold_accuracies": [
    0.134961003730078,
    0.07731434384537131,
    0.13364993215739485,
    0.10379918588873813,
    0.11940298507462686
  ],
  "mean": 0.11382549013924184,
  "std": 0.021468197252912786
}