{
  "fold_accuracies": [
    0.8267209223465581,
    0.8253645303492709,
    0.8242876526458616,
    0.8181818181818182,
    0.8256445047489823
  ],
  "mean": 0.8240398856544984,
  "std": 0.0030297124202281842
}