{
  "fold_accuracies": [
    0.9060698541878603,
    0.8955578162088844,
    0.8985753052917232,
    0.8958616010854816,
    0.898236092265943
  ],
  "mean": 0.8988601338079786,
  "std": 0.003803869690173753
}