{
  "fold_accuracies": [
    0.9053916581892166,
    0.8813157002373686,
    0.9026458616010855,
    0.905359565807327,
    0.8941655359565808
  ],
  "mean": 0.8977756643583156,
  "std": 0.009200012938512626
}