{
  "fold_accuracies": [
    0.8748728382502543,
    0.86842997626314,
    0.8894165535956581,
    0.8826322930800543,
    0.8761872455902306
  ],
  "mean": 0.8783077813558675,
  "std": 0.007155036853157766
}