{
  "fold_accuracies": [
    0.9026788741946422,
    0.8928450322143099,
    0.9023066485753053,
    0.9067164179104478,
    0.9006105834464043
  ],
  "mean": 0.9010315112682219,
  "std": 0.004557489721884275
}