{
  "fold_accuracies": [
    0.9070871481858257,
    0.8969142082061716,
    0.9094301221166893,
    0.908751696065129,
    0.8890773405698779
  ],
  "mean": 0.9022521030287386,
  "std": 0.007990166660601558
}