{
  "fold_accuracies": [
    0.9030179721939641,
    0.8928450322143099,
    0.9050203527815468,
    0.9060379918588873,
    0.8931478968792401
  ],
  "mean": 0.9000138491855896,
  "std": 0.005812286402007352
}