{
  "fold_accuracies": [
    0.9077653441844693,
    0.8969142082061716,
    0.912483039348711,
    0.9097693351424695,
    0.8907734056987788
  ],
  "mean": 0.9035410665161201,
  "std": 0.00828882553618883
}