{
  "fold_accuracies": [
    0.8982706002034588,
    0.8914886402170227,
    0.9060379918588873,
    0.9046811397557666,
    0.9006105834464043
  ],
  "mean": 0.9002177910963078,
  "std": 0.005175715051071427
}