{
  "fold_accuracies": [
    0.8843675822312649,
    0.8792811122414378,
    0.9006105834464043,
    0.8877204884667571,
    0.898236092265943
  ],
  "mean": 0.8900431717303615,
  "std": 0.008151358603657788
}