{
  "fold_accuracies": [
    0.8870803662258393,
    0.877246524245507,
    0.8945047489823609,
    0.891112618724559,
    0.885685210312076
  ],
  "mean": 0.8871258936980684,
  "std": 0.005831313126440453
}