{
  "fold_accuracies": [
    0.9081044421837912,
    0.8969142082061716,
    0.91078697421981,
    0.9094301221166893,
    0.8894165535956581
  ],
  "mean": 0.902930460064424,
  "std": 0.008361357149499692
}